app_id,name,price,positive_ratio,release_year
8870,BioShock Infinite,7.49,0.93807310103638,2013.0
8980,Borderlands Game of the Year,29.99,0.8899548012175998,2023.0
12210,Grand Theft Auto IV: The Complete Edition,19.99,0.82480706000548,2020.0
24010,Train Simulator Classic 2024,29.99,0.7100791144854011,2015.0
34870,Sniper: Ghost Warrior 2,9.99,0.7553583389149364,2013.0
35720,Trine 2: Complete Story,3.99,0.9540107938558051,2013.0
38400,Fallout: A Post Nuclear Role Playing Game,9.99,0.9416163618343995,2015.0
39140,FINAL FANTASY VII,11.99,0.9281353753882403,2013.0
39210,FINAL FANTASY XIV Online,19.99,0.8777799990004498,2014.0
65930,The Bureau: XCOM Declassified,19.99,0.7022738842694722,2013.0
65980,Sid Meier's Civilization®: Beyond Earth™,39.99,0.6025334396314997,2014.0
96100,Defy Gravity Extended,1.99,0.8612020579981291,2016.0
107410,Arma 3,2.99,0.9042024401265251,2013.0
108600,Project Zomboid,19.99,0.9419407366938681,2013.0
109600,Neverwinter,,0.7761306207075288,2013.0
113020,Monaco: What's Yours Is Mine,14.99,0.9061913696060038,2013.0
201810,Wolfenstein: The New Order,19.99,0.9153872035984345,2014.0
203160,Tomb Raider,2.24,0.9609123542935506,2013.0
203290,America's Army: Proving Grounds,,0.7886230825420014,2013.0
204450,Call of Juarez: Gunslinger,2.99,0.9502039011447944,2013.0
206420,Saints Row IV: Re-Elected,19.99,0.8784610598361505,2013.0
206500,AirMech,,0.8412772731529169,2018.0
207140,SpeedRunners,14.99,0.9397114861186717,2016.0
207230,ArcheBlade™,,0.7315287040669544,2014.0
208090,Loadout,,0.8704212454212454,2014.0
208650,Batman™: Arkham Knight,19.99,0.8864603564492174,2015.0
209000,Batman™: Arkham Origins,19.99,0.893980406195973,2013.0
209160,Call of Duty®: Ghosts,59.99,0.6442920454177854,2014.0
209170,Call of Duty®: Ghosts,59.99,0.583049930437471,2014.0
210770,Sanctum 2,14.99,0.8995871527534812,2013.0
211500,RaceRoom Racing Experience,,0.7541705478872047,2013.0
211820,Starbound,14.99,0.9226468412307618,2016.0
212070,Star Conflict,,0.7324446239816872,2013.0
213670,South Park™: The Stick of Truth™,5.99,0.9755654783690798,2014.0
214420,Gear Up,,0.7465917244678306,2015.0
214490,Alien: Isolation,39.99,0.9323535697259621,2014.0
214950,Total War: ROME II - Emperor Edition,59.99,0.8342576525693807,2013.0
215080,WAKFU,,0.7565455255959359,2014.0
215280,Secret World Legends,,0.6737306843267108,2017.0
218620,PAYDAY 2,9.99,0.8963099586476484,2013.0
219740,Don't Starve,9.99,0.9663254899103956,2013.0
219990,Grim Dawn,24.99,0.9374210367993583,2016.0
220200,Kerbal Space Program,39.99,0.9522027020650823,2015.0
220440,DmC: Devil May Cry,29.99,0.932130469583778,2013.0
221040,Resident Evil 6,19.99,0.7856907894736842,2013.0
221100,DayZ,24.99,0.7678035197977,2018.0
221380,Age of Empires II (Retired),19.99,0.9578889206815917,2013.0
221910,The Stanley Parable,14.99,0.9244142101284959,2013.0
222880,Insurgency,14.99,0.9175068670868336,2014.0
223710,Cry of Fear,,0.8850123642619073,2013.0
223750,DCS World Steam Edition,,0.8513538949689424,2013.0
224260,No More Room in Hell,,0.8989939800412104,2013.0
224600,Defiance,,0.765506329113924,2014.0
224760,FEZ,9.99,0.9269374116437475,2013.0
225080,Brothers - A Tale of Two Sons,14.99,0.9445298207098427,2013.0
225260,Brutal Legend,14.99,0.9307363871171789,2013.0
225540,Just Cause™ 3,19.99,0.8393186041371633,2015.0
226840,Age of Wonders III,29.99,0.8024328192081412,2014.0
227940,Heroes & Generals,,0.6759384434342232,2016.0
228280,Baldur's Gate: Enhanced Edition,19.99,0.9222466154409075,2013.0
228380,Wreckfest,29.99,0.8812440117046897,2018.0
230410,Warframe,,0.8705353366224903,2013.0
231060,Ragnarok Online 2,,0.5804020100502513,2013.0
231430,Company of Heroes 2,19.99,0.7895561119963579,2013.0
232050,Eador. Masters of the Broken World,19.99,0.6820998906306963,2013.0
232090,Killing Floor 2,29.99,0.8775006699982659,2016.0
232890,Stronghold Crusader 2,3.99,0.7216953518323381,2014.0
233130,Shadow Warrior,29.99,0.9204619326220794,2013.0
233450,Prison Architect,29.99,0.8909028065809484,2015.0
233720,Surgeon Simulator,9.99,0.8225307706299643,2013.0
233860,Kenshi,29.99,0.9549294339430376,2018.0
234140,Mad Max,19.99,0.922211468666828,2015.0
234650,Shadowrun Returns,14.99,0.884247496637274,2013.0
235460,METAL GEAR RISING: REVENGEANCE,29.99,0.9603808243189704,2014.0
235600,Tom Clancy’s Splinter Cell Blacklist,19.99,0.7996182247450645,2013.0
236110,Dungeon Defenders II,,0.7735874994272098,2017.0
236390,War Thunder,,0.639912770808072,2013.0
236850,Europa Universalis IV,49.99,0.8660775387545003,2013.0
236870,HITMAN™,,0.8326075268817205,2016.0
237930,Transistor,19.99,0.9409649581589958,2014.0
238010,Deus Ex: Human Revolution - Director's Cut,2.99,0.9212088888888889,2013.0
238090,Sniper Elite 3,29.99,0.8232105321385109,2014.0
238320,Outlast,14.99,0.9645283979694139,2013.0
238370,Magicka 2,14.99,0.826002539018744,2015.0
238460,BattleBlock Theater®,14.99,0.972114391040858,2014.0
238960,Path of Exile,,0.892513962678282,2013.0
239030,"Papers, Please",9.99,0.9727849892838368,2013.0
239140,Dying Light,24.99,0.9520466226138032,2015.0
239160,Thief,2.99,0.7452607144392382,2014.0
239350,Spelunky,14.99,0.9209476462284416,2013.0
239820,Game Dev Tycoon,3.49,0.9536930944862085,2013.0
240320,Panzar,,0.6599961142413057,2013.0
240720,Getting Over It with Bennett Foddy,7.99,0.8243704790722439,2017.0
241930,Middle-earth™: Shadow of Mordor™,19.99,0.9243124069889214,2014.0
242720,GunZ 2: The Second Duel,,0.6607661328088414,2014.0
242760,The Forest,19.99,0.9554214698840856,2018.0
242860,Verdun,3.99,0.8613232574965833,2015.0
242920,Banished,19.99,0.9035885054206315,2014.0
243470,Watch_Dogs™,19.99,0.782319620322376,2014.0
244210,Assetto Corsa,19.99,0.9263298346665257,2014.0
244850,Space Engineers,19.99,0.8855810860843086,2019.0
245170,Skullgirls 2nd Encore,24.99,0.7251119868797885,2013.0
245620,Tropico 5,7.99,0.7853855413155845,2014.0
246620,Plague Inc: Evolved,14.99,0.9444344639264156,2016.0
246900,Viscera Cleanup Detail,12.99,0.9264692687303724,2015.0
247080,Crypt of the NecroDancer,14.99,0.957676381589425,2015.0
248570,Toribash,,0.8845716338382327,2014.0
249130,LEGO® Marvel™ Super Heroes,19.99,0.953470603965313,2013.0
250400,How to Survive,14.99,0.8264904552129222,2014.0
250900,The Binding of Isaac: Rebirth,14.99,0.973050492108788,2014.0
251060,Wargame: Red Dragon,7.49,0.8880779857165199,2014.0
251570,7 Days to Die,44.99,0.8860763256460008,2024.0
252130,Divide By Sheep,4.99,0.9061784897025171,2015.0
252490,Rust,39.99,0.8724132257791273,2018.0
252950,Rocket League®,,0.8735039950618977,2015.0
253710,theHunter Classic,,0.5810769911298396,2014.0
253900,Knights and Merchants,9.99,0.8468796911859318,2013.0
253960,Jack Orlando: Director's Cut,6.99,0.6877897990726429,2013.0
253980,Enclave,9.99,0.7943573667711599,2013.0
254700,Resident Evil 4 (2005),19.99,0.9341169905621467,2014.0
255710,Cities: Skylines,29.99,0.9296225115132175,2015.0
257350,Baldur's Gate II: Enhanced Edition,19.99,0.9206175298804781,2013.0
257510,The Talos Principle,29.99,0.9541131791218104,2014.0
259080,Just Cause 2: Multiplayer Mod,,0.9158335584977033,2013.0
261030,The Walking Dead: Season Two,14.99,0.9648218970258226,2013.0
261110,Killer is Dead - Nightmare Edition,19.99,0.7494345911201048,2014.0
261550,Mount & Blade II: Bannerlord,49.99,0.8788498852078929,2022.0
261570,Ori and the Blind Forest,,0.9431826099073365,2015.0
261640,Borderlands: The Pre-Sequel,39.99,0.7923027914769107,2014.0
262060,Darkest Dungeon®,24.99,0.9168317096670592,2016.0
262410,World of Guns: Gun Disassembly,,0.8410768111422929,2014.0
263500,Dragons and Titans,,0.7890148212728858,2014.0
264710,Subnautica,29.99,0.9704883856592298,2018.0
265550,Dead Rising 3 Apocalypse Edition,29.99,0.7662262766068995,2014.0
265590,The Red Solstice,9.99,0.7085165933626549,2015.0
265630,Fistful of Frags,,0.9136285919144007,2014.0
265930,Goat Simulator,9.99,0.907684456109653,2014.0
266840,Age of Mythology: Extended Edition,29.99,0.9316585476379291,2014.0
268050,The Evil Within,19.99,0.8520046196997195,2014.0
268420,Aura Kingdom,,0.7799065420560748,2014.0
268500,XCOM® 2,2.99,0.8474547939548284,2016.0
268910,Cuphead,19.99,0.9628495731527819,2017.0
269210,Hero Siege,2.71,0.6851673101673101,2014.0
270150,RUNNING WITH RIFLES,14.99,0.8802009053140696,2015.0
270880,American Truck Simulator,19.99,0.9683262306959444,2016.0
271590,Grand Theft Auto V Legacy,,0.8741175832280026,2015.0
273110,Counter-Strike Nexon,,0.6644419465130439,2014.0
273350,Evolve Stage 2,,0.6998056325214012,2015.0
274170,Hotline Miami 2: Wrong Number,14.99,0.941576372422487,2015.0
274190,Broforce,14.99,0.9694293478260869,2015.0
274940,Depth,19.99,0.8786468697382519,2014.0
275390,Guacamelee! Super Turbo Championship Edition,14.99,0.9258874201693154,2014.0
275850,No Man's Sky,59.99,0.8313032437977883,2016.0
278080,DYNASTY WARRIORS 8: Xtreme Legends Complete Edition,14.99,0.8403348892346447,2014.0
278360,A Story About My Uncle,2.99,0.915721399917001,2014.0
279720,The I of the Dragon,7.99,0.6780341023069207,2015.0
280790,Creativerse,24.99,0.7764648910411622,2017.0
281990,Stellaris,39.99,0.8602945538280673,2016.0
282070,This War of Mine,19.99,0.9286809514448594,2014.0
282140,SOMA,29.99,0.9595503141188141,2015.0
282440,Quake Live,9.99,0.865123236001821,2014.0
284160,BeamNG.drive,24.99,0.9739200317738101,2015.0
285190,"Warhammer 40,000: Dawn of War III",39.99,0.48314606741573035,2017.0
285800,Braveland,9.99,0.815772669220945,2014.0
285900,Gang Beasts,19.99,0.850622200099552,2017.0
286160,Tabletop Simulator,19.99,0.9444523068213982,2015.0
286570,F1 2015,,0.5980739989863153,2015.0
286690,Metro 2033 Redux,19.99,0.9150738507844675,2014.0
286940,S.K.I.L.L. - Special Force 2 (Shooter),,0.7112937433722163,2015.0
287290,Resident Evil Revelations 2,19.99,0.781240196591028,2015.0
287390,Metro: Last Light Redux,19.99,0.9063855284181693,2014.0
287450,Rise of Nations: Extended Edition,19.99,0.9469614758545849,2014.0
287700,METAL GEAR SOLID V: THE PHANTOM PAIN,19.99,0.9174656231860852,2015.0
289070,Sid Meier’s Civilization® VI,59.99,0.8689214677640603,2016.0
289130,ENDLESS™ Legend,29.99,0.8367237400032205,2014.0
289650,Assassin's Creed® Unity,29.99,0.7815570570974776,2014.0
291480,Warface: Clutch,,0.6636981884983637,2014.0
291550,Brawlhalla,,0.8146050261866811,2017.0
291650,Pillars of Eternity,29.99,0.882393509127789,2015.0
292030,The Witcher 3: Wild Hunt,39.99,0.9612664886173324,2015.0
292730,Call of Duty®: Infinite Warfare,59.99,0.5984213122841638,2016.0
292910,Deponia: The Complete Journey,29.99,0.8577322738386308,2014.0
294100,RimWorld,34.99,0.979569345943558,2018.0
297000,Heroes® of Might & Magic® III - HD Edition,14.99,0.7939330084727161,2015.0
298110,Far Cry® 4,29.99,0.8425090179052345,2014.0
299360,Block N Load,,0.7867729398590343,2015.0
299460,Woodle Tree Adventures,0.67,0.6737357259380098,2016.0
301520,Robocraft,,0.7305069670916099,2017.0
302510,Ryse: Son of Rome,9.99,0.867461911526968,2014.0
302830,BLOCKADE 3D,,0.5858830894436184,2014.0
303390,Dead Bits,4.99,0.6013568838460639,2014.0
304050,Trove,,0.8022409873335499,2015.0
304240,Resident Evil,19.99,0.9195277767400157,2015.0
304390,FOR HONOR™,29.99,0.6952667447556171,2024.0
304430,INSIDE,19.99,0.9692560914675367,2016.0
304670,Aeon Command,2.99,0.7888349514563107,2014.0
304930,Unturned,,0.9120367035911323,2017.0
305620,The Long Dark,19.99,0.9046946480124362,2017.0
306130,The Elder Scrolls® Online,19.99,0.8143180653157099,2017.0
307690,Sleeping Dogs: Definitive Edition,19.99,0.9364759738660563,2014.0
307780,Mortal Kombat X,19.99,0.8546718338903506,2015.0
308040,Back to Bed,1.19,0.8104482880338864,2014.0
310560,DiRT Rally,,0.8791183936065945,2015.0
310950,Street Fighter V,9.99,0.6764793475521752,2016.0
311210,Call of Duty®: Black Ops III,59.99,0.84318175476454,2015.0
311340,METAL GEAR SOLID V: GROUND ZEROES,19.99,0.8423566878980892,2014.0
311690,Enter the Gungeon,14.99,0.9545008298076249,2016.0
311860,Data Hacker: Initiation,1.99,0.6455223880597015,2014.0
312520,Rain World,11.24,0.9411027272512241,2017.0
312530,Duck Game,12.99,0.9661087431125897,2015.0
312660,Sniper Elite 4,59.99,0.9115543910066773,2017.0
312990,The Expendabros,,0.9717728623308023,2014.0
314160,Microsoft Flight Simulator X: Steam Edition,24.99,0.8639612545404836,2014.0
316010,Magic Duels,,0.7094447240395907,2015.0
319510,Five Nights at Freddy's,4.99,0.9347971744166013,2014.0
319630,Life is Strange - Episode 1,,0.9619860402716296,2015.0
319830,AX:EL - Air XenoDawn,,0.7541946308724832,2015.0
322170,Geometry Dash,4.99,0.9327899776935763,2014.0
322330,Don't Starve Together,14.99,0.9525749357292996,2016.0
322500,SUPERHOT,24.99,0.9126779451206932,2016.0
323190,Frostpunk,29.99,0.9252828905832645,2018.0
323470,DRAGON BALL XENOVERSE,6.49,0.8982394029279495,2015.0
323580,Jotun: Valhalla Edition,14.99,0.7743158393555266,2015.0
323850,Move or Die,14.99,0.8960530280204881,2016.0
324800,Shadow Warrior 2,29.99,0.8724935732647815,2016.0
325610,Total War: ATTILA,44.99,0.8207401916058394,2015.0
327690,Gigantic,,0.7688918558077437,2017.0
332070,School of Dragons,,0.6175836030204962,2014.0
333930,Dirty Bomb®,,0.8127766018857033,2015.0
334210,Fortified,14.99,0.7456140350877193,2016.0
334230,Town of Salem,4.99,0.8815128127660743,2014.0
335240,Transformice,,0.8792162250099418,2015.0
335300,DARK SOULS™ II: Scholar of the First Sin,39.99,0.8401336646388484,2015.0
337000,Deus Ex: Mankind Divided,4.49,0.7597796817625458,2016.0
337320,Paint the Town Red,19.99,0.9588179605085204,2021.0
341800,Keep Talking and Nobody Explodes,14.99,0.974534832031498,2015.0
342200,MechWarrior Online™ Legends,,0.8011456628477905,2015.0
343710,Kholat,4.19,0.6671128960285587,2015.0
346010,Besiege,3.74,0.954516219801423,2020.0
346110,ARK: Survival Evolved,14.99,0.8384033855129628,2017.0
346330,BrainBread 2,,0.7325333849429069,2022.0
346900,AdVenture Capitalist,,0.8783422911807457,2015.0
349040,NARUTO SHIPPUDEN: Ultimate Ninja STORM 4,14.99,0.909753451899392,2016.0
349700,Romero's Aftermath,,0.48609857374977433,2015.0
350640,Sherlock Holmes: The Devil's Daughter,29.99,0.7967072816942269,2016.0
351940,The Descendant,14.99,0.8861434788712621,2016.0
355180,Codename CURE,,0.8471901929845855,2017.0
355840,Survarium,,0.5433902966018463,2015.0
356190,Middle-earth™: Shadow of War™,49.99,0.8865395735790632,2017.0
359320,Elite Dangerous,19.99,0.7736943133647924,2015.0
359550,Tom Clancy's Rainbow Six® Siege X,,0.838601042196965,2015.0
360430,Mafia III: Definitive Edition,29.99,0.5727684575635308,2020.0
360970,Heaven Forest NIGHTS,0.49,0.6696165191740413,2017.0
361420,ASTRONEER,29.99,0.9213762833834797,2019.0
362890,Black Mesa,19.99,0.9519864048929855,2020.0
363970,Clicker Heroes,,0.8969887772412893,2015.0
364360,Total War: WARHAMMER,59.99,0.7799969478463241,2016.0
364470,The Elder Scrolls®: Legends™,,0.7486190346826044,2017.0
365450,Hacknet,1.49,0.9361337845908819,2015.0
365590,Tom Clancy’s The Division™,29.99,0.7044357175046675,2016.0
365670,Blender,,0.9630219124325956,2015.0
367500,Dragon's Dogma: Dark Arisen,29.99,0.884847705950392,2016.0
367520,Hollow Knight,14.99,0.9704168329542777,2017.0
368230,Kingdom: Classic,,0.9065103223469757,2015.0
368260,Marvel's Midnight Suns,8.99,0.8169973484502149,2022.0
368500,Assassin's Creed® Syndicate,29.99,0.8012062401024294,2015.0
370910,Kathy Rain,9.99,0.9205929062996294,2016.0
372000,Tree of Savior (English Ver.),,0.642312047658904,2016.0
373420,Divinity: Original Sin - Enhanced Edition,39.99,0.8968898369228652,2015.0
374040,Portal Knights,19.99,0.8343170709213318,2017.0
374320,DARK SOULS™ III,59.99,0.9433291039816325,2016.0
377160,Fallout 4,19.99,0.8311618789304769,2015.0
377300,Thunder Tier One,,0.6677930306230201,2021.0
378540,The Surge,14.99,0.7520774358506073,2017.0
379430,Kingdom Come: Deliverance,29.99,0.841189598411896,2018.0
379720,DOOM,19.99,0.9552390739052196,2016.0
380600,Fishing Planet,,0.867653997777744,2017.0
381210,Dead by Daylight,19.99,0.7905297936820134,2016.0
383150,Dead Island Definitive Edition,2.99,0.8200728640263251,2016.0
383870,Firewatch,19.99,0.9042327340277317,2016.0
386180,Crossout,,0.7517890830851743,2017.0
386360,SMITE®,,0.7877391565661624,2015.0
386940,Ultimate Chicken Horse,14.99,0.9589855072463768,2016.0
387290,Ori and the Blind Forest: Definitive Edition,19.99,0.9523582018244524,2016.0
387990,Scrap Mechanic,19.99,0.9225744374707591,2016.0
388410,Darksiders II Deathinitive Edition,29.99,0.7853672004417449,2015.0
389430,Knight Online,,0.5035825831343009,2016.0
389570,Mitos.is: The Game,,0.8080466570873129,2015.0
389730,TEKKEN 7,39.99,0.8321247319706487,2017.0
391220,Rise of the Tomb Raider™,2.99,0.940519900132178,2016.0
391460,WARMODE,,0.6203871748336358,2019.0
391540,Undertale,2.49,0.96757434086146,2015.0
391720,Layers of Fear (2016),19.99,0.8857829876765855,2016.0
392110,ENDLESS™ Space 2,39.99,0.8348805768364128,2017.0
392160,X4: Foundations,49.99,0.7946911561202668,2018.0
393380,Squad,19.99,0.8315704983590674,2020.0
394360,Hearts of Iron IV,49.99,0.8919129036972089,2016.0
394510,HELLDIVERS™ Dive Harder Edition,19.99,0.9023446175322821,2015.0
395170,DISTRAINT: Deluxe Edition,4.99,0.9318738768175134,2015.0
397540,Borderlands 3,59.99,0.8402240633280783,2020.0
397900,Business Tour - Board Game with Online Multiplayer,,0.6065622883342885,2017.0
403640,Dishonored 2,29.99,0.894444267465197,2016.0
407530,ARK: The Survival Of The Fittest,,0.6642148477591515,2017.0
409710,BioShock™ Remastered,4.99,0.8231982561831694,2016.0
409720,BioShock™ 2 Remastered,2.99,0.7084366313575239,2016.0
410320,EARTH DEFENSE FORCE 4.1 The Shadow of New Despair,19.99,0.950268549830913,2016.0
412020,Metro Exodus,29.99,0.8980340436054899,2020.0
412220,DDNet,,0.8929238985313752,2020.0
413150,Stardew Valley,14.99,0.9844153939031477,2016.0
414340,Hellblade: Senua's Sacrifice,29.99,0.9011868466898955,2017.0
414700,Outlast 2,19.99,0.9130810810810811,2017.0
417860,Emily is Away,,0.8860045146726863,2015.0
417910,Street Warriors Online,1.99,0.5758873929008568,2016.0
418070,Turbo Pug,1.99,0.9055306427503736,2015.0
418240,Shadow Tactics: Blades of the Shogun,39.99,0.9605231355909445,2016.0
418370,Resident Evil 7 Biohazard,19.99,0.9526603029250046,2017.0
418460,Rising Storm 2: Vietnam,24.99,0.8677796501224745,2017.0
424280,Iron Snout,,0.9774587801222184,2016.0
424370,Wolcen: Lords of Mayhem,29.99,0.5592150952317626,2020.0
424840,Little Nightmares,19.99,0.9480561907873244,2017.0
427270,Orcs Must Die! Unchained,,0.6870915032679739,2017.0
427520,Factorio,35.0,0.9700802475732893,2020.0
427730,Who's Your Daddy?!,6.99,0.799697457989411,2016.0
431240,Golf With Your Friends,7.19,0.8811121049493142,2020.0
431730,Aseprite,19.99,0.9909249243743697,2016.0
431960,Wallpaper Engine,4.99,0.9803679993918104,2018.0
433340,Slime Rancher,19.99,0.979536123159808,2017.0
433850,Z1 Battle Royale,,0.5574595736546201,2018.0
434650,Lost Castle / 失落城堡,9.99,0.8689848665192994,2016.0
435150,Divinity: Original Sin 2 - Definitive Edition,44.99,0.958143106604111,2017.0
436520,Line of Sight,,0.5965764770844837,2017.0
437900,Party Jousting,,0.9156293222683264,2016.0
438040,Shakes and Fidget,,0.9246850490530976,2016.0
438100,VRChat,,0.7556447754363338,2017.0
438740,Friday the 13th: The Game,,0.8007560022189826,2017.0
439190,Stories: The Path of Destinies,14.99,0.8823800030670143,2016.0
439700,Z1 Battle Royale: Test Server,,0.5228070175438596,2016.0
440900,Conan Exiles,11.99,0.7870004187409855,2018.0
442080,Riders of Icarus,,0.6603580085772889,2016.0
443110,Armored Warfare,,0.6540092910523126,2017.0
444090,Paladins®,,0.8497967690904262,2018.0
444200,World of Tanks Blitz,,0.7856790923387396,2016.0
444640,Bloons TD Battles,,0.9078223810833104,2016.0
446800,Transport Fever,29.99,0.8332400671516508,2016.0
447020,Farming Simulator 17,14.99,0.9348234635531208,2016.0
447040,Watch_Dogs® 2,49.99,0.8280386991830442,2016.0
447820,Day of Infamy,14.99,0.8239401496259352,2017.0
448510,Overcooked,16.99,0.9031960461285008,2016.0
450390,The Lab,,0.949444357489435,2016.0
453480,Shadowverse CCG,,0.7366453717547914,2016.0
454650,DRAGON BALL XENOVERSE 2,19.99,0.903522871244067,2016.0
457140,Oxygen Not Included,24.99,0.9675208349559935,2019.0
459820,Crush Crush,,0.8915609487038059,2016.0
460790,Bayonetta,19.99,0.9255344869270887,2017.0
460920,Steep™,29.99,0.8236303587618184,2016.0
460930,Tom Clancy's Ghost Recon® Wildlands,49.99,0.798720192178262,2017.0
460950,Katana ZERO,14.99,0.9803430468980849,2019.0
462780,Darksiders Warmastered Edition,19.99,0.8780594954186017,2016.0
464920,Surviving Mars,9.89,0.845765901392548,2018.0
466240,Deceit,,0.7912326528857213,2017.0
466560,Northgard,29.99,0.8631888090269727,2018.0
470220,UNO,9.99,0.7215536317403626,2017.0
471710,Rec Room,,0.8951602712606883,2021.0
474960,Quantum Break,39.99,0.8570362473347548,2016.0
475150,Titan Quest Anniversary Edition,19.99,0.9091804847836491,2016.0
475550,Beholder,13.99,0.9170000360399323,2016.0
476480,Heaven Forest - VR MMO,0.55,0.6796714579055442,2016.0
476600,Call of Duty®: WWII,59.99,0.693582258325064,2017.0
477160,Human Fall Flat,19.99,0.9467000561692567,2016.0
482730,Football Manager 2017,,0.5955982247984783,2016.0
485510,Nioh: Complete Edition,7.49,0.7986644503037945,2017.0
487220,Freebie,1.99,0.7355666429080542,2016.0
488790,South Park™: The Fractured But Whole™,29.99,0.8456495014342303,2017.0
489830,The Elder Scrolls V: Skyrim Special Edition,39.99,0.9202036444766183,2016.0
491950,Orwell: Keeping an Eye On You,9.99,0.9054433596362177,2016.0
492720,Tropico 6,13.99,0.8744069728954433,2019.0
493340,Planet Coaster,44.99,0.9125330828993427,2016.0
493520,GTFO,15.19,0.8431486223166981,2021.0
495420,State of Decay 2: Juggernaut Edition,29.99,0.8291504560239811,2020.0
504230,Celeste,19.99,0.9746521616556939,2018.0
504370,Battlerite,,0.8457909280851924,2017.0
506540,Last Man Standing,,0.6127253084664809,2017.0
508440,Totally Accurate Battle Simulator,6.79,0.9781599641026019,2021.0
509980,BIGFOOT,19.99,0.8207131218249785,2017.0
510840,Evolvation,1.99,0.679324894514768,2017.0
511470,Glass Masquerade,4.99,0.9694263659754806,2016.0
513710,SCUM,44.99,0.7465905543415243,2025.0
518790,theHunter: Call of the Wild™,4.99,0.8875682675525026,2017.0
519860,DUSK,19.99,0.9727725936341557,2018.0
524220,NieR:Automata™,39.99,0.8705705255798357,2017.0
526870,Satisfactory,39.99,0.9716242071152785,2024.0
527230,For The King,3.99,0.881746089136356,2018.0
527430,"Warhammer 40,000: Inquisitor - Martyr",49.99,0.7590070921985815,2018.0
529340,Victoria 3,49.99,0.6659888251168802,2022.0
530700,Argo,,0.5135011441647597,2017.0
532210,Life is Strange 2,,0.8630234208658624,2018.0
534380,Dying Light 2 Stay Human: Reloaded Edition,23.09,0.7910588718369861,2022.0
535930,Two Point Hospital,29.99,0.9185249744545291,2018.0
537180,Digimon Masters Online,,0.6721230769230769,2016.0
544730,Catan Universe,,0.48729763387297637,2017.0
544750,SOULCALIBUR VI,59.99,0.823203603869729,2018.0
544810,KARDS - The WW2 Card Game,,0.7379456552651309,2020.0
546560,Half-Life: Alyx,59.99,0.9827829145625276,2020.0
548430,Deep Rock Galactic,9.89,0.9725568513119534,2020.0
550650,Black Squad,,0.7592578995031452,2019.0
550900,Metin2,,0.7010365895517265,2017.0
552100,Brick Rigs,18.99,0.9455129484058896,2023.0
552500,Warhammer: Vermintide 2,29.99,0.8486872116240288,2018.0
552520,Far Cry® 5,8.99,0.8091966081958991,2018.0
552990,World of Warships,,0.7702863147551722,2017.0
553850,HELLDIVERS™ 2,39.99,0.7624374161659141,2024.0
554620,Life is Strange: Before the Storm,16.99,0.9328024025956614,2017.0
555570,Infestation: The New Z,,0.5382226822416087,2016.0
560130,Pillars of Eternity II: Deadfire,39.99,0.8803549733241772,2018.0
568220,Lobotomy Corporation | Monster Management Simulation,24.99,0.9381088955658745,2018.0
569480,Kingdoms and Castles,14.99,0.9336362106680128,2017.0
570940,DARK SOULS™: REMASTERED,39.99,0.9215229816162538,2018.0
578080,PUBG: BATTLEGROUNDS,,0.5944058978617202,2017.0
581320,Insurgency: Sandstorm,29.99,0.8498164168991003,2018.0
582010,Monster Hunter: World,29.99,0.8801130951174527,2018.0
582160,Assassin's Creed® Origins,59.99,0.857307746528512,2017.0
582500,We Were Here,,0.9005567223389006,2017.0
582660,Black Desert,9.99,0.7411037862837815,2017.0
583950,Artifact,,0.46910089667986105,2018.0
585420,Trailmakers,9.99,0.9249117552679431,2019.0
585690,Minimalism,0.49,0.7329121194715681,2017.0
588430,Fallout Shelter,,0.884469696969697,2017.0
588650,Dead Cells,12.49,0.9708246272200589,2018.0
594570,Total War: WARHAMMER II,59.99,0.9237356340340598,2017.0
594650,Hunt: Showdown 1896,29.99,0.7296350012086052,2019.0
599140,Graveyard Keeper,19.99,0.8642289275322473,2018.0
601150,Devil May Cry 5,29.99,0.9598105835095426,2019.0
601430,The Evil Within 2,39.99,0.9221268940704352,2017.0
601510,Yu-Gi-Oh! Duel Links,,0.8330277332110932,2017.0
602960,Barotrauma,34.99,0.9384076247112857,2023.0
603850,Age of History II,4.99,0.8984588856557819,2018.0
606150,Moonlighter,19.99,0.8233314919901572,2018.0
606280,Darksiders III,39.99,0.7650194117259985,2018.0
611500,Quake Champions,,0.737573309005604,2022.0
612880,Wolfenstein II: The New Colossus,39.99,0.8109310740049891,2017.0
613010,Secret in Story,0.99,0.6929824561403509,2017.0
613100,House Flipper,4.99,0.9416883881274699,2018.0
617290,Remnant: From the Ashes,39.99,0.8470724045267023,2019.0
620980,Beat Saber,29.99,0.9561598670455155,2019.0
621060,PC Building Simulator,19.99,0.936133965734198,2019.0
627690,Idle Champions of the Forgotten Realms,,0.7743093922651934,2020.0
629520,Soundpad,4.99,0.9607847574221579,2017.0
629730,Blade and Sorcery,29.99,0.9666173784465513,2024.0
629760,MORDHAU,29.99,0.803048128342246,2019.0
630100,SoulWorker - Anime Action MMO,,0.79202810237293,2018.0
632360,Risk of Rain 2,24.99,0.9347847578106813,2020.0
632470,Disco Elysium - The Final Cut,39.99,0.9310548553423088,2019.0
633230,NARUTO TO BORUTO: SHINOBI STRIKER,4.99,0.8412993039443155,2023.0
635260,CarX Drift Racing Online,14.99,0.9531025222978805,2017.0
636480,Ravenfield,17.99,0.9692412200258135,2017.0
637090,BATTLETECH,39.99,0.8376263346323226,2018.0
637650,FINAL FANTASY XV WINDOWS EDITION,34.99,0.8313217106243481,2018.0
638070,Murderous Pursuits,9.99,0.6370738636363636,2018.0
638970,Yakuza 0,19.99,0.9566010261155945,2018.0
640590,The LEGO® NINJAGO® Movie Video Game,19.99,0.8568045688814598,2017.0
640820,Pathfinder: Kingmaker — Enhanced Plus Edition,19.99,0.7779839023368541,2018.0
641990,The Escapists 2,19.99,0.9060974082884687,2017.0
644560,Mirror,0.79,0.9692189025345594,2018.0
644930,They Are Billions,29.99,0.8511842509996924,2019.0
645630,Car Mechanic Simulator 2018,2.99,0.9135109955163914,2017.0
646570,Slay the Spire,24.99,0.9779072510519704,2019.0
646910,The Crew™ 2,29.99,0.7747722793373462,2018.0
648350,Jurassic World Evolution,44.99,0.8725813625917415,2018.0
648800,Raft,19.99,0.9331300760193902,2022.0
657200,Hand Simulator,1.99,0.8392104254503642,2017.0
666220,CS2D,,0.9006742477608937,2017.0
668580,Atomic Heart,59.99,0.8202921437031189,2023.0
671860,BattleBit Remastered,14.99,0.8416338280092787,2023.0
673130,AMID EVIL,19.99,0.9374039401984071,2019.0
673950,Farm Together,19.99,0.9417341678939617,2018.0
674020,World War 3,,0.5409048396266207,2022.0
674940,Stick Fight: The Game,1.99,0.935283471114807,2017.0
675010,MudRunner,19.99,0.9112107385398981,2017.0
677620,Splitgate,,0.9158403436549132,2019.0
678950,DRAGON BALL FighterZ,59.99,0.9041054593290945,2018.0
678960,CODE VEIN,59.99,0.8431382811682194,2019.0
680420,OUTRIDERS,19.99,0.6659224713898261,2021.0
681660,Bless Online,,0.3732265910012161,2018.0
683320,GRIS,14.99,0.9635221934617966,2018.0
686810,Hell Let Loose,49.99,0.8240083674106786,2021.0
690790,DiRT Rally 2.0,13.99,0.8831259109765669,2019.0
692850,Bloodstained: Ritual of the Night,39.99,0.9370393820438141,2019.0
698780,Doki Doki Literature Club!,,0.9645496091914748,2017.0
699130,World War Z,29.99,0.8311075293575869,2021.0
700330,SCP: Secret Laboratory,,0.9142079893984854,2017.0
701160,Kingdom Two Crowns,19.99,0.8840436075322101,2018.0
703080,Planet Zoo,44.99,0.9109836196200298,2019.0
704270,Generation Zero®,7.49,0.717287181512937,2019.0
704850,Thief Simulator,1.99,0.882536934119027,2018.0
706990,BLOCKPOST LEGACY,,0.7452448523639876,2019.0
728880,Overcooked! 2,9.69,0.906471064957899,2018.0
736220,Squad 44,29.99,0.7504054492377554,2018.0
736590,Operation: Harsh Doorstop,,0.7691096634093377,2023.0
738060,Freddy Fazbear's Pizzeria Simulator,,0.939256512959714,2017.0
739630,Phasmophobia,19.99,0.9581570256211474,2020.0
740130,Tales of Arise,39.99,0.8734115347018573,2021.0
744900,Dead Frontier 2,,0.7031080929816051,2019.0
747660,Five Nights at Freddy's: Security Breach,39.99,0.8646448449713995,2021.0
750920,Shadow of the Tomb Raider: Definitive Edition,,0.8393942826932518,2018.0
752590,A Plague Tale: Innocence,39.99,0.9344405317090194,2019.0
753640,Outer Wilds,24.99,0.9567394186156614,2020.0
755790,Ring of Elysium,,0.7446638019972556,2019.0
760160,Vampire: The Masquerade - Bloodhunt,,0.7608611870226333,2022.0
761890,Albion Online,,0.7894527770421552,2018.0
766570,Russian Fishing 4,,0.5388582703953188,2021.0
767560,War Robots,,0.6002257761053622,2018.0
774171,Muse Dash,2.99,0.9000410285609023,2019.0
774361,Blasphemous,24.99,0.9011149094864424,2019.0
775500,SCARLET NEXUS,59.99,0.8109781021897811,2021.0
779340,Total War: THREE KINGDOMS,59.99,0.7224540941732132,2019.0
780310,The Riftbreaker,29.99,0.9022493751735629,2021.0
782330,DOOM Eternal,39.99,0.9115694135691612,2020.0
783770,Ironsight,,0.723070058009817,2019.0
787860,Farming Simulator 19,17.99,0.9440900562851783,2018.0
788100,Neon Abyss,19.99,0.8624459809853068,2020.0
794260,Outward Definitive Edition,39.99,0.7287998594271657,2022.0
805550,Assetto Corsa Competizione,39.99,0.9253267596230388,2019.0
809960,Radical Heights,,0.6196550668435554,2018.0
812140,Assassin's Creed® Odyssey,59.99,0.8890663383528947,2018.0
813780,Age of Empires II: Definitive Edition,34.99,0.9482894461474067,2019.0
813820,Realm Royale Reforged,,0.7617327247413778,2018.0
814380,Sekiro™: Shadows Die Twice - GOTY Edition,59.99,0.9528510337208365,2019.0
815370,Green Hell,24.99,0.8598084462309563,2019.0
816020,JUMP FORCE,,0.7348574952645258,2019.0
823130,Totally Accurate Battlegrounds,,0.8840045051257298,2018.0
823500,BONEWORKS,29.99,0.9225875164662687,2019.0
834910,ATLAS,29.99,0.47355057130765976,2018.0
837470,Untitled Goose Game,19.99,0.9583785740137531,2020.0
838350,The Scroll Of Taiwu,16.99,0.6984184573775087,2018.0
841370,NBA 2K19,,0.3907103825136612,2018.0
843380,Super Animal Royale,,0.9362711544362358,2021.0
844870,KurtzPel,,0.6083217108321711,2019.0
845070,The Awesome Adventures of Captain Spirit,,0.9273186473972218,2018.0
848450,Subnautica: Below Zero,29.99,0.9063418166770122,2021.0
851850,DRAGON BALL Z: KAKAROT,19.99,0.9322604242867594,2020.0
858820,Tribes of Midgard,4.99,0.7651612903225806,2021.0
863550,HITMAN™ 2,,0.9095579306939942,2018.0
868270,The Cycle: Frontier,,0.6361014486372243,2022.0
870780,Control Ultimate Edition,39.99,0.8730772280367903,2020.0
871720,Ultimate Custom Night,,0.9505946150018019,2018.0
872790,Football Manager 2019,,0.8675480769230769,2018.0
880940,Pummel Party,14.99,0.8882446946891144,2018.0
881020,Granblue Fantasy: Relink,59.99,0.8982687139315403,2024.0
881100,Noita,19.99,0.9526230615339526,2020.0
883710,Resident Evil 2,39.99,0.9698594792227101,2019.0
884660,CRSED: Cuisine Royale,,0.7880538999740866,2018.0
892970,Valheim,9.99,0.9432264699056475,2021.0
893520,Creative Destruction,,0.7871535843552482,2018.0
899440,GOD EATER 3,59.99,0.7950058691708463,2019.0
899770,Last Epoch,34.99,0.7957386800213337,2024.0
905370,Conqueror's Blade,,0.7491869648901573,2019.0
918570,Century: Age of Ashes,,0.7455467869222097,2021.0
920210,LEGO® Star Wars™: The Skywalker Saga,49.99,0.9073449087437275,2022.0
921630,音灵 INVAXION,,0.5315416800772449,2018.0
924970,Back 4 Blood,59.99,0.6842828129337678,2021.0
933110,Age of Empires III: Definitive Edition,,0.8469033138885441,2020.0
939960,Far Cry® New Dawn,39.99,0.7570305459743327,2019.0
942970,Unheard - Voices of Crime,6.99,0.9621833977450573,2019.0
945360,Among Us,4.99,0.9185142376049715,2018.0
949230,Cities: Skylines II,49.99,0.5263179370001632,2023.0
952060,Resident Evil 3,39.99,0.816967172685921,2020.0
955050,Bright Memory,3.19,0.9048215595208995,2020.0
960090,Bloons TD 6,13.99,0.9726212001356085,2018.0
961200,Predecessor,,0.7309774864633799,2024.0
962130,Grounded,39.99,0.8930984299016765,2022.0
967050,Pacify,4.99,0.865198723945216,2019.0
972660,Spiritfarer®: Farewell Edition,29.99,0.9520649761940668,2020.0
975370,Dwarf Fortress,23.99,0.9494383988243116,2022.0
976310,Mortal Kombat 11,49.99,0.8810135395790405,2019.0
976730,Halo: The Master Chief Collection,39.99,0.9238557919914734,2019.0
977950,A Dance of Fire and Ice,5.99,0.9398538198745083,2019.0
979690,The Ascent,7.49,0.7399056109071841,2021.0
990080,Hogwarts Legacy,59.99,0.9022106753372019,2023.0
993090,Lossless Scaling,6.99,0.8934024429443909,2018.0
996580,Spyro™ Reignited Trilogy,39.99,0.9395298936896518,2019.0
1016920,Unrailed!,19.99,0.9334190369061011,2020.0
1017180,The Long Drive,15.99,0.901617222257364,2019.0
1029690,Sniper Elite 5,49.99,0.8311039048777192,2022.0
1030830,Mafia II: Definitive Edition,29.99,0.7254493787998942,2020.0
1030840,Mafia: Definitive Edition,39.99,0.8681054110879914,2020.0
1044720,Farthest Frontier,29.99,0.8603363412633306,2022.0
1046930,Dota Underlords,,0.8224195216405923,2019.0
1049410,Superliminal,19.99,0.9459719412291466,2020.0
1049590,Eternal Return,,0.7947298834670848,2023.0
1056640,Phantasy Star Online 2 New Genesis,,0.700715355182166,2020.0
1056960,Wolfenstein: Youngblood,19.99,0.4403517274804403,2019.0
1057090,Ori and the Will of the Wisps,29.99,0.9656083107762089,2020.0
1057240,Crucible Beta,,0.43037974683544306,2020.0
1058020,"STAR WARS™ Battlefront (Classic, 2004)",9.99,0.9647384189905508,2019.0
1061910,Metal: Hellsinger,29.99,0.960294304198909,2022.0
1063730,New World: Aeternum,59.99,0.6859989263728833,2021.0
1085660,Destiny 2,,0.7958412188946574,2019.0
1086940,Baldur's Gate 3,59.99,0.9684827163707402,2023.0
1089090,ONE PIECE: PIRATE WARRIORS 4,39.99,0.9166166166166166,2020.0
1089350,NBA 2K20,,0.49873914261697955,2019.0
1089980,The Henry Stickmin Collection,14.99,0.9865675174563099,2020.0
1091500,Cyberpunk 2077,59.99,0.843949907742854,2020.0
1092790,Inscryption,19.99,0.9689286526650998,2021.0
1094520,Sands of Salzaar,5.99,0.8195751071065766,2021.0
1097150,Fall Guys,,0.8130019863090325,2020.0
1100600,Football Manager 2020,,0.8928548925713565,2019.0
1113000,Persona 4 Golden,19.99,0.9701580170015062,2020.0
1116170,CyberCorp,14.99,0.8260869565217391,2025.0
1118200,People Playground,9.99,0.9857433374857593,2019.0
1128810,RISK: Global Domination,,0.7996292768323765,2020.0
1129580,Medieval Dynasty,34.99,0.9075853518133109,2021.0
1139900,Ghostrunner,29.99,0.9139178767676448,2020.0
1142710,Total War: WARHAMMER III,59.99,0.7270353251347428,2022.0
1144200,Ready or Not,49.99,0.8918609967992684,2023.0
1145350,Hades II,29.99,0.9487307428428865,2024.0
1145360,Hades,24.99,0.9824409006902813,2020.0
1147550,Not For Broadcast,24.99,0.9406940607734806,2022.0
1147560,Skul: The Hero Slayer,19.99,0.9329156117374912,2021.0
1150690,OMORI,19.99,0.9724067450178845,2020.0
1151340,Fallout 76,39.99,0.728965556634489,2020.0
1151640,Horizon Zero Dawn™ Complete Edition,,0.8790066854637092,2020.0
1158310,Crusader Kings III,49.99,0.9003222781678211,2020.0
1167630,Teardown,29.99,0.9560669456066946,2022.0
1172380,STAR WARS Jedi: Fallen Order™,9.99,0.8858991417526911,2019.0
1172470,Apex Legends™,,0.6714242210137098,2020.0
1172620,Sea of Thieves: 2025 Edition,39.99,0.892567799616032,2020.0
1174180,Red Dead Redemption 2,59.99,0.9224652439805764,2019.0
1178830,Bright Memory: Infinite,9.99,0.9202035597117099,2021.0
1184370,Pathfinder: Wrath of the Righteous - Enhanced Edition,17.49,0.8391261429758936,2021.0
1190000,Car Mechanic Simulator 2021,6.49,0.9594182500586441,2021.0
1196590,Resident Evil Village,39.99,0.9562714704650188,2021.0
1203220,NARAKA: BLADEPOINT,,0.6954177399846735,2021.0
1203620,Enshrouded,29.99,0.8643186475409836,2024.0
1211020,Wobbly Life,24.99,0.9703414996288048,2020.0
1213210,Command & Conquer™ Remastered Collection,4.99,0.9068871359223301,2020.0
1217060,Gunfire Reborn,12.99,0.9342858871455653,2021.0
1222140,Detroit: Become Human,39.99,0.9577302466326633,2020.0
1222670,The Sims™ 4,,0.873113215835808,2020.0
1222680,Need for Speed™ Heat,5.59,0.8391253622370253,2020.0
1222700,A Way Out,5.99,0.8769251291503966,2020.0
1225330,NBA 2K21,,0.41563396149119214,2020.0
1229490,ULTRAKILL,24.99,0.9771194278678771,2020.0
1237950,STAR WARS™ Battlefront™ II,7.99,0.875491517806988,2020.0
1237970,Titanfall® 2,4.49,0.9544709354068106,2020.0
1238810,Battlefield™ V,49.99,0.7085917023588826,2020.0
1238820,Battlefield 3™,39.99,0.6997395833333333,2020.0
1238840,Battlefield™ 1,39.99,0.8649213519274352,2020.0
1238860,Battlefield 4™,39.99,0.8524484173834823,2020.0
1240440,Halo Infinite,,0.6966352426838981,2021.0
1241100,POLYGON,,0.7503207961447432,2020.0
1245620,ELDEN RING,59.99,0.9288931243890044,2022.0
1248130,Farming Simulator 22,29.99,0.9242474441499432,2021.0
1250410,Microsoft Flight Simulator (2020) 40th Anniversary Edition,59.99,0.7887491243565925,2020.0
1254120,Bless Unleashed,,0.5266925817946226,2021.0
1259420,Days Gone,39.99,0.9278089642535121,2021.0
1260320,Party Animals,19.99,0.7839517741129435,2023.0
1262350,SIGNALIS,19.99,0.9680009175364147,2022.0
1262580,Need for Speed™ Payback,7.79,0.8559234528808426,2020.0
1263850,Football Manager 2021,,0.9348117154811716,2020.0
1266680,Strobophagia | Rave Horror,19.99,0.8241758241758241,2020.0
1272080,PAYDAY 3,29.99,0.4344203639337559,2023.0
1274570,DEVOUR,7.49,0.9096274571587851,2021.0
1277400,Monster Hunter Stories 2: Wings of Ruin,19.99,0.8247951460561707,2021.0
1282100,REMNANT II®,49.99,0.8324470288090386,2023.0
1282730,Loop Hero,14.99,0.9294555526703021,2021.0
1284190,The Planet Crafter,23.99,0.9604536416525518,2024.0
1284210,Guild Wars 2,,0.8889662535394328,2022.0
1284410,GWENT: The Witcher Card Game,,0.818825773055442,2020.0
1286680,Tiny Tina's Wonderlands,11.99,0.7246884380969708,2022.0
1286830,STAR WARS™: The Old Republic™,,0.8956910760536849,2020.0
1289310,Helltaker,,0.977561280199811,2020.0
1290000,PowerWash Simulator,24.99,0.9686510207975577,2022.0
1293830,Forza Horizon 4,,0.9072759584348801,2021.0
1296830,暖雪 Warm Snow,12.59,0.9307428324371065,2022.0
1304930,The Outlast Trials,11.99,0.9339416930521537,2024.0
1307550,Craftopia,14.99,0.7558259333758525,2020.0
1313140,Cult of the Lamb,24.99,0.9562424923470376,2022.0
1313860,EA SPORTS™ FIFA 21,,0.7623261020201482,2020.0
1326470,Sons Of The Forest,29.99,0.8775330709220418,2024.0
1328670,Mass Effect™ Legendary Edition,5.99,0.9106483454054822,2021.0
1332010,Stray,29.99,0.9725746614136022,2022.0
1343370,Old School RuneScape,,0.8314153258794655,2021.0
1343400,RuneScape ®,,0.8264661772831321,2020.0
1361210,"Warhammer 40,000: Darktide",39.99,0.7105878186968838,2022.0
1363080,Manor Lords,39.99,0.8627842484747643,2024.0
1364780,Street Fighter™ 6,39.99,0.851515900187061,2023.0
1366540,Dyson Sphere Program,19.99,0.9765771906731854,2021.0
1366800,Crosshair X,4.99,0.9337522327124267,2020.0
1371980,No Rest for the Wicked,39.99,0.7829141353175153,2024.0
1372880,The Day Before,,0.15727268848402098,2023.0
1380400,Saving Grace,1.99,0.9310344827586207,2021.0
1384160,GUILTY GEAR -STRIVE-,39.99,0.8820349600889158,2021.0
1388770,Cruelty Squad,19.99,0.9684959838391611,2021.0
1399780,Spellbreak,,0.8652720262744538,2020.0
1404210,Red Dead Online,9.99,0.8314640391728186,2020.0
1408720,Krunker,,0.7906602856501906,2021.0
1426210,It Takes Two,9.99,0.9526474130312341,2021.0
1446780,MONSTER HUNTER RISE,39.99,0.8215350752627094,2022.0
1454400,Cookie Clicker,4.99,0.9665298152505883,2021.0
1466860,Age of Empires IV: Anniversary Edition,39.99,0.8601335476690986,2021.0
1468810,鬼谷八荒 Tale of Immortal,19.99,0.5328836127941383,2023.0
1475810,Ghostwire: Tokyo,59.99,0.8248312078019505,2022.0
1476970,IdleOn - The Idle RPG,,0.7971081230429177,2021.0
1483870,Draw & Guess,2.99,0.8402078693392725,2021.0
1491000,War Robots: Frontiers,,0.6414665801427645,2025.0
1506830,FIFA 22,,0.8049325313764261,2021.0
1515210,The Past Within,5.99,0.9476115069939298,2022.0
1515950,Capcom Arcade Stadium,59.99,0.5439074200136147,2021.0
1517290,Battlefield™ 2042,59.99,0.4674216016173339,2021.0
1520470,Soul Dossier,,0.8224645828648527,2021.0
1522820,Orcs Must Die! 3,5.99,0.8568486828090606,2021.0
1533390,Gorilla Tag,19.99,0.9129182299790621,2023.0
1536610,OpenTTD,,0.9618591079616506,2021.0
1551360,Forza Horizon 5,59.99,0.8861892753147866,2021.0
1557740,ROUNDS,2.99,0.9518522559877789,2021.0
1562430,DREDGE,24.99,0.958172223991266,2023.0
1569040,Football Manager 2022,,0.9254892823858341,2021.0
1593500,God of War,49.99,0.9600612592316017,2022.0
1599340,Lost Ark,,0.7102281445988289,2022.0
1599600,PlateUp!,19.99,0.9488483398145379,2022.0
1604030,V Rising,34.99,0.8891242464835901,2024.0
1611910,"Warhammer 40,000: Chaos Gate - Daemonhunters",44.99,0.7753109025711452,2022.0
1619450,Heart of a Warrior,10.99,0.0,2022.0
1621690,Core Keeper,19.99,0.9283908401389621,2024.0
1623730,Palworld,22.49,0.9410494629756586,2024.0
1627140,Sabre Team,6.99,0.5,2021.0
1637320,Dome Keeper,7.19,0.9222797927461139,2022.0
1643320,S.T.A.L.K.E.R. 2: Heart of Chornobyl,59.99,0.8052688228962646,2024.0
1659040,HITMAN World of Assassination,5.99,0.8616705255340527,2022.0
1665460,eFootball™,,0.47726165076408217,2021.0
1676130,Deadlink,24.99,0.8973227419829362,2023.0
1677740,Stumble Guys,,0.8502472443774363,2021.0
1687950,Persona 5 Royal,59.99,0.9661928953695804,2022.0
1716740,Starfield,69.99,0.5675327892126361,2023.0
1721470,Poppy Playtime,,0.8503649635036497,2021.0
1755910,Capcom Arcade 2nd Stadium,59.99,0.6806550665301945,2022.0
1771300,Kingdom Come: Deliverance II,59.99,0.9408034239815511,2025.0
1774580,STAR WARS Jedi: Survivor™,13.99,0.6879679064634474,2023.0
1778820,TEKKEN 8,59.99,0.5407087181502588,2024.0
1782210,Crab Game,,0.9154054568236537,2021.0
1790600,DRAGON BALL: Sparking! ZERO,69.99,0.8932341208959803,2024.0
1794680,Vampire Survivors,4.99,0.9846005736336255,2022.0
1811260,EA SPORTS™ FIFA 23,,0.5692284323631777,2022.0
1817070,Marvel’s Spider-Man Remastered,59.99,0.9590184354758345,2022.0
1818750,MultiVersus,,0.7640341082123643,2022.0
1824220,Chivalry 2,39.99,0.8022188624603395,2022.0
1832640,Mirror 2: Project X,0.79,0.2461272191377065,2022.0
1845910,Dragon Age™: The Veilguard,26.99,0.6946317843820252,2024.0
1850570,DEATH STRANDING DIRECTOR'S CUT,39.99,0.9286618078752911,2022.0
1868140,DAVE THE DIVER,19.99,0.9697752279035962,2023.0
1888160,ARMORED CORE™ VI FIRES OF RUBICON™,59.99,0.9141117831831987,2023.0
1903340,Clair Obscur: Expedition 33,49.99,0.9566251170833634,2025.0
1904540,Football Manager 2023,,0.8976446049753268,2022.0
1929610,Demonologist,19.99,0.8617803935994114,2023.0
1938090,Call of Duty®,,0.5875728525137444,2022.0
1942280,Brotato,4.99,0.9665034099855829,2023.0
1943950,Escape the Backrooms,7.99,0.9102790430024676,2022.0
1966720,Lethal Company,9.99,0.9717998193611955,2023.0
1987080,Inside the Backrooms,6.99,0.8179960916681471,2022.0
2001120,Split Fiction,44.99,0.9753304396870939,2025.0
2012510,Stormgate,,0.49819591073099023,2025.0
2021910,FPS Chess,,0.8408650220833782,2022.0
2050650,Resident Evil 4,39.99,0.9770565962973562,2023.0
2054970,Dragon's Dogma 2,69.99,0.6092632248291082,2024.0
2064650,Tower of Fantasy,,0.6923427529626254,2022.0
2096610,Crysis 3 Remastered,29.99,0.8817538408423959,2022.0
2183900,"Warhammer 40,000: Space Marine 2",59.99,0.8287295876003321,2024.0
2186680,"Warhammer 40,000: Rogue Trader",49.99,0.855705242655413,2023.0
2195250,EA SPORTS FC™ 24,,0.577518389398945,2023.0
2215430,Ghost of Tsushima DIRECTOR'S CUT,59.99,0.9381248560239576,2024.0
2231450,Pizza Tower,19.99,0.9835964793906407,2023.0
2246340,Monster Hunter Wilds,69.99,0.5827118100863036,2025.0
2322010,God of War Ragnarök,59.99,0.8642474831145661,2024.0
2322560,Love Is All Around,9.99,0.9356145681948298,2023.0
2344520,Diablo® IV,49.99,0.6554212556160789,2023.0
2358720,Black Myth: Wukong,59.99,0.9666306697342314,2024.0
2379780,Balatro,14.99,0.980190927679304,2024.0
2399830,ARK: Survival Ascended,44.99,0.5905651687611027,2023.0
2420510,HoloCure - Save the Fans!,,0.9904438477333755,2023.0
2479810,Gray Zone Warfare,39.99,0.6782932667992853,2024.0
2527500,MiSide,13.49,0.9801596946537399,2024.0
2551020,One-armed robber,,0.9138865936789919,2023.0
2552430,KINGDOM HEARTS -HD 1.5+2.5 ReMIX-,49.99,0.8367534859247566,2024.0
2567870,Chained Together,4.99,0.9066957732695999,2024.0
2622000,Astral Party ,,0.5626141787966291,2024.0
2622380,ELDEN RING NIGHTREIGN,39.99,0.7446248020465343,2025.0
2623190,The Elder Scrolls IV: Oblivion Remastered,49.99,0.8051295711404544,2025.0
2669320,EA SPORTS FC™ 25,69.99,0.4980613936574148,2024.0
2670630,Supermarket Simulator,19.99,0.9380020778156597,2025.0
2680010,The First Berserker: Khazan,59.99,0.8965183201322012,2025.0
2694490,Path of Exile 2,29.99,0.7011613941462895,2024.0
2709570,Supermarket Together,,0.9489730851931489,2024.0
2835570,Buckshot Roulette,1.79,0.9602683664604724,2024.0
2881650,Content Warning,7.99,0.9475639426291086,2024.0
3070070,TCG Card Shop Simulator,12.99,0.9719739740246589,2024.0
3097560,Liar's Bar,6.99,0.9133058702368692,2024.0
3132990,Black Myth: Wukong Benchmark Tool,,0.9241706161137441,2024.0
3146520,WEBFISHING,4.99,0.9796839386111533,2024.0
3164500,Schedule I,19.99,0.9841306404105057,2025.0
3240220,Grand Theft Auto V Enhanced,29.99,0.6906640897621732,2025.0
3241660,R.E.P.O.,9.99,0.9650510121631958,2025.0
